train_loss,val_loss
0.8469798664068339,2.025070080702955
0.7438499449086057,2.4066074165430935
0.724549336238401,1.9539224654436111
0.7074463036386451,2.508540845730088
0.6955653143127392,2.239252144640142
0.6783463690505671,2.5186870287765157
0.6921151858270719,2.3685295703736218
