{
    "ET30": {
        "mean": 41.7,
        "std": 7.036703333127638
    },
    "alpha": {
        "mean": 0.24745098039215685,
        "std": 0.43706420733762097
    },
    "beta": {
        "mean": 0.4524509803921569,
        "std": 0.3004861943897445
    },
    "pi_star": {
        "mean": 0.5669791666666666,
        "std": 0.2549679847463482
    },
    "SA": {
        "mean": 0.1245174825174825,
        "std": 0.20938285753670802
    },
    "SB": {
        "mean": 0.4312797202797202,
        "std": 0.3040399669241614
    },
    "SP": {
        "mean": 0.7193146853146852,
        "std": 0.0863630903475096
    },
    "SdP": {
        "mean": 0.5031258741258742,
        "std": 0.33694967374323753
    },
    "N_mol_cm3": {
        "mean": 0.009472369942196532,
        "std": 0.0034429416576084943
    },
    "n": {
        "mean": 1.4315919708029194,
        "std": 0.06203648364232956
    },
    "fn": {
        "mean": 0.2568714890510949,
        "std": 0.0377382197739586
    },
    "delta": {
        "mean": 20.185393258426966,
        "std": 3.609191251695824
    }
}