{
    "ET30": {
        "mean": 41.75968992248062,
        "std": 7.3389853626438555
    },
    "alpha": {
        "mean": 0.24980952380952381,
        "std": 0.44167291446268625
    },
    "beta": {
        "mean": 0.4288571428571429,
        "std": 0.27590868851053674
    },
    "pi_star": {
        "mean": 0.5876767676767677,
        "std": 0.26863915666850935
    },
    "SA": {
        "mean": 0.12971126760563378,
        "std": 0.2252119122161515
    },
    "SB": {
        "mean": 0.41916197183098586,
        "std": 0.2963313661150335
    },
    "SP": {
        "mean": 0.723669014084507,
        "std": 0.08892803065344755
    },
    "SdP": {
        "mean": 0.5099647887323943,
        "std": 0.33968528220980526
    },
    "N_mol_cm3": {
        "mean": 0.009673832335329343,
        "std": 0.004779417812068916
    },
    "n": {
        "mean": 1.4329219696969695,
        "std": 0.06390446031380811
    },
    "fn": {
        "mean": 0.2574648787878788,
        "std": 0.038804497708350885
    },
    "delta": {
        "mean": 20.657894736842106,
        "std": 4.634596517758457
    }
}