Predicted ET30,Predicted alpha,Predicted beta,Predicted pi_star,Predicted SA,Predicted SB,Predicted SP,Predicted SdP,Predicted N_mol_cm3,Predicted n,Predicted fn,Predicted delta,Canonical Solvent SMILES
-0.9355386747792614,-0.5476163527149859,-0.5371222143548366,-0.7799200096139952,-0.5762637200358584,-0.029273439099873302,-0.5361375740146069,-0.6795950433965234,-0.4744398764727749,-0.5404378464354199,-0.4506153241886679,,CCCCC
-0.7108370506230617,-0.5401028007777369,-0.18029258462208164,-0.27919384490445287,-0.5170409405752633,0.06927542133769983,0.17100522446764996,-0.05420004451089302,0.2465805294365427,0.09313770923387935,0.12470572438598,,C1CCOC1
-0.302267754940819,-0.454346999732038,-0.14873527393061506,0.34836328352709806,-0.44620435725632746,-0.23524509002606794,0.5364315928597908,0.1891562813855551,-0.17650092752856292,0.7757510331977587,0.7425198830981121,,CC(=O)c1ccccc1
-0.19559228465287387,-0.4983057933180868,-0.07207943517202016,0.10784257018238289,-0.4988527275454445,0.30280901393359344,-0.5477351321580006,0.311466846963487,0.08140317647012833,-0.8813935159408942,-0.7725738914296435,,CCOC=O
1.0671418991395687,1.2988445556958907,1.3745660031628817,-0.5174957677147992,0.9573278420127429,1.4766438180084491,-0.45222733572966795,0.2249993216694404,-0.15430062955466411,-0.46702729679123617,-0.3802100191943463,,CCCCO
