Predicted ET30,Predicted alpha,Predicted beta,Predicted pi_star,Predicted SA,Predicted SB,Predicted SP,Predicted SdP,Predicted N_mol_cm3,Predicted n,Predicted fn,Predicted delta,Canonical Solvent SMILES
-1.2831856503421353,-0.5413528444235667,-0.8974863952405201,-1.9442706586199492,-0.6574997375238851,-0.3632166377148267,-1.0972185376407566,-1.216394965250764,-0.37712757192113955,-0.9460892137213883,-0.7615633679027862,-1.0248468803586306,CCCCC
-0.451750556264932,-0.3916765389846768,-0.037028924988741885,-0.23104926316400676,-0.3827226583911907,0.157901006031828,0.173406597144728,-0.31479193665495764,0.22092402175500664,0.045318740241766575,0.11512591744652512,0.024913249054017816,C1CCOC1
-0.08601613165604327,-0.23774309063678256,-0.09728535459493148,0.8028666780908509,-0.43833707036341174,-0.21944250933997722,0.8980351494596768,0.7845190118186096,-0.2047674365756773,0.9940871972480321,0.77927588806625,-0.25471701372789823,CC(=O)c1ccccc1
-0.2514383335267407,-0.44480711599928746,0.026220489239112243,-0.2209381260718981,-0.43756743099246975,0.09980567651372318,-0.707228158834666,0.4723832926471214,0.49690207615884097,-1.0115198891770247,-0.8374069258070334,0.011764138991251283,CCOC=O
0.9670111050498527,1.0729379751755008,1.229791902965518,-0.4328076335936437,0.8390931490643894,1.3674886287257877,-0.5525198240647828,0.388810232286227,0.16392792340032614,-0.6097113026216108,-0.48031096157927955,0.43148952195891255,CCCCO
